auc_cv_mean,auc_cv_std,bagging_fraction,bagging_freq,feature_fraction,learning_rate,max_depth,min_data_in_leaf,min_sum_hessian_in_leaf,nround,num_leaves,scale_pos_weight
0.9006561008854119,0.003065745023453683,0.5,5,0.02,0.002,4,100,10.0,50718,13,1.0
0.9007266513522567,0.0030850463919043633,0.5,5,0.02,0.002,6,100,10.0,41270,13,1.0
0.9007491576024528,0.003062650012382977,0.5,5,0.02,0.001,4,100,10.0,99289,13,1.0
0.9007862250627074,0.0031184747951223802,0.5,5,0.02,0.001,6,100,10.0,77343,13,1.0
